{"cameraMode":{"drawMode":0,"name":"Shaded","section":"Shading Mode"},"sceneLighting":true,"audioPlay":false,"sceneViewState":{"showFog":false,"showMaterialUpdate":false,"showSkybox":true,"showFlares":false,"showImageEffects":false,"showParticleSystems":false},"in2DMode":false,"pivot":{"x":-133.36024475097657,"y":-153.82623291015626,"z":419.9664306640625},"rotation":{"x":0.16705699265003205,"y":-0.1694686859846115,"z":0.029120633378624917,"w":0.9708446264266968},"size":681.2909545898438,"orthographic":false}