{"cameraMode":{"drawMode":0,"name":"Shaded","section":"Shading Mode"},"sceneLighting":true,"audioPlay":false,"sceneViewState":{"showFog":false,"showMaterialUpdate":false,"showSkybox":true,"showFlares":false,"showImageEffects":false,"showParticleSystems":false},"in2DMode":false,"pivot":{"x":-53.5087890625,"y":-41.36519241333008,"z":164.0926971435547},"rotation":{"x":0.35973984003067019,"y":-0.5038340091705322,"z":0.24260689318180085,"w":0.7469455599784851},"size":86.72774505615235,"orthographic":false}