{"cameraMode":{"drawMode":0,"name":"Shaded","section":"Shading Mode"},"sceneLighting":true,"audioPlay":false,"sceneViewState":{"showFog":false,"showMaterialUpdate":false,"showSkybox":true,"showFlares":false,"showImageEffects":false,"showParticleSystems":false},"in2DMode":false,"pivot":{"x":-10.478034019470215,"y":-428.02850341796877,"z":155.7849884033203},"rotation":{"x":-0.20709851384162904,"y":-0.6699750423431397,"z":0.20312479138374329,"w":-0.6834020018577576},"size":15793.2001953125,"orthographic":false}