{"cameraMode":{"drawMode":0,"name":"Shaded","section":"Shading Mode"},"sceneLighting":false,"audioPlay":false,"sceneViewState":{"showFog":false,"showMaterialUpdate":false,"showSkybox":false,"showFlares":false,"showImageEffects":false,"showParticleSystems":false},"in2DMode":false,"pivot":{"x":0.011128485202789307,"y":0.5363451838493347,"z":-0.033716559410095218},"rotation":{"x":0.1321040391921997,"y":0.07723387330770493,"z":-0.010328304953873158,"w":0.9881706237792969},"size":3.230332136154175,"orthographic":false}