{"cameraMode":{"drawMode":0,"name":"Shaded","section":"Shading Mode"},"sceneLighting":false,"audioPlay":false,"sceneViewState":{"showFog":false,"showMaterialUpdate":false,"showSkybox":false,"showFlares":false,"showImageEffects":false,"showParticleSystems":false},"in2DMode":false,"pivot":{"x":-0.16985327005386353,"y":0.02242434024810791,"z":0.001755833625793457},"rotation":{"x":0.3079734444618225,"y":0.47160568833351138,"z":-0.18010853230953217,"w":0.8064165711402893},"size":3.451885938644409,"orthographic":false}