{"cameraMode":{"drawMode":0,"name":"Shaded","section":"Shading Mode"},"sceneLighting":true,"audioPlay":false,"sceneViewState":{"showFog":false,"showMaterialUpdate":false,"showSkybox":true,"showFlares":false,"showImageEffects":false,"showParticleSystems":false},"in2DMode":false,"pivot":{"x":-321.23602294921877,"y":-40.243141174316409,"z":319.56793212890627},"rotation":{"x":-0.13601195812225343,"y":0.5258576273918152,"z":-0.08559435606002808,"w":-0.8352792263031006},"size":464.7999572753906,"orthographic":false}