{"cameraMode":{"drawMode":0,"name":"Shaded","section":"Shading Mode"},"sceneLighting":true,"audioPlay":false,"sceneViewState":{"showFog":false,"showMaterialUpdate":false,"showSkybox":true,"showFlares":false,"showImageEffects":false,"showParticleSystems":false},"in2DMode":false,"pivot":{"x":39.28578186035156,"y":-60.53440856933594,"z":178.61575317382813},"rotation":{"x":0.10991211235523224,"y":-0.716608464717865,"z":0.11601363122463227,"w":0.6789201498031616},"size":78.2401351928711,"orthographic":false}