{"cameraMode":{"drawMode":0,"name":"Shaded","section":"Shading Mode"},"sceneLighting":true,"audioPlay":false,"sceneViewState":{"showFog":false,"showMaterialUpdate":false,"showSkybox":true,"showFlares":false,"showImageEffects":false,"showParticleSystems":false},"in2DMode":false,"pivot":{"x":-76.45248413085938,"y":101.13556671142578,"z":282.75604248046877},"rotation":{"x":-0.352901428937912,"y":0.545183539390564,"z":-0.270565003156662,"w":-0.7106964588165283},"size":130.593017578125,"orthographic":false}