{"cameraMode":{"drawMode":0,"name":"Shaded","section":"Shading Mode"},"sceneLighting":true,"audioPlay":false,"sceneViewState":{"showFog":false,"showMaterialUpdate":false,"showSkybox":true,"showFlares":false,"showImageEffects":false,"showParticleSystems":false},"in2DMode":false,"pivot":{"x":12.0694580078125,"y":-30.817846298217775,"z":39.7115592956543},"rotation":{"x":0.007877187803387642,"y":-0.6611493825912476,"z":0.00694232527166605,"w":0.7501807808876038},"size":57.68769454956055,"orthographic":false}