{"cameraMode":{"drawMode":0,"name":"Shaded","section":"Shading Mode"},"sceneLighting":true,"audioPlay":false,"sceneViewState":{"showFog":false,"showMaterialUpdate":false,"showSkybox":true,"showFlares":false,"showImageEffects":false,"showParticleSystems":false},"in2DMode":false,"pivot":{"x":-7.329156875610352,"y":9644.521484375,"z":145.11956787109376},"rotation":{"x":-0.0128011554479599,"y":0.986746609210968,"z":-0.12980866432189942,"w":-0.0968010425567627},"size":4.938811779022217,"orthographic":false}