{"cameraMode":{"drawMode":0,"name":"Shaded","section":"Shading Mode"},"sceneLighting":false,"audioPlay":false,"sceneViewState":{"showFog":false,"showMaterialUpdate":false,"showSkybox":false,"showFlares":false,"showImageEffects":false,"showParticleSystems":false},"in2DMode":false,"pivot":{"x":0.006635308265686035,"y":0.8862091302871704,"z":0.30029070377349856},"rotation":{"x":0.1756158173084259,"y":-0.7765706181526184,"z":0.24688267707824708,"w":0.5524002313613892},"size":1.9088244438171387,"orthographic":false}