{"cameraMode":{"drawMode":0,"name":"Shaded","section":"Shading Mode"},"sceneLighting":false,"audioPlay":false,"sceneViewState":{"showFog":false,"showMaterialUpdate":false,"showSkybox":false,"showFlares":false,"showImageEffects":false,"showParticleSystems":false},"in2DMode":false,"pivot":{"x":0.0007654428482055664,"y":-0.20601886510849,"z":0.031826529651880267},"rotation":{"x":0.3079734444618225,"y":0.47160568833351138,"z":-0.18010853230953217,"w":0.8064165711402893},"size":1.1782875061035157,"orthographic":false}