{"cameraMode":{"drawMode":0,"name":"Shaded","section":"Shading Mode"},"sceneLighting":false,"audioPlay":false,"sceneViewState":{"showFog":false,"showMaterialUpdate":false,"showSkybox":false,"showFlares":false,"showImageEffects":false,"showParticleSystems":false},"in2DMode":false,"pivot":{"x":0.0,"y":0.8552080988883972,"z":-0.008454948663711548},"rotation":{"x":-0.11400029063224793,"y":0.6134129166603088,"z":-0.09007912129163742,"w":-0.7762898802757263},"size":4.610260009765625,"orthographic":false}