{"cameraMode":{"drawMode":0,"name":"Shaded","section":"Shading Mode"},"sceneLighting":false,"audioPlay":false,"sceneViewState":{"showFog":false,"showMaterialUpdate":false,"showSkybox":false,"showFlares":false,"showImageEffects":false,"showParticleSystems":false},"in2DMode":false,"pivot":{"x":0.000003814697265625,"y":2.5003294944763185,"z":0.0000019073486328125},"rotation":{"x":0.3079734444618225,"y":0.47160568833351138,"z":-0.18010853230953217,"w":0.8064165711402893},"size":74.43856048583985,"orthographic":false}