{"cameraMode":{"drawMode":0,"name":"Shaded","section":"Shading Mode"},"sceneLighting":false,"audioPlay":false,"sceneViewState":{"showFog":false,"showMaterialUpdate":false,"showSkybox":false,"showFlares":false,"showImageEffects":false,"showParticleSystems":false},"in2DMode":false,"pivot":{"x":0.059529125690460208,"y":1.5168877840042115,"z":0.048305392265319827},"rotation":{"x":0.3079734444618225,"y":0.47160568833351138,"z":-0.18010853230953217,"w":0.8064165711402893},"size":6.813087463378906,"orthographic":false}