{"cameraMode":{"drawMode":0,"name":"Shaded","section":"Shading Mode"},"sceneLighting":true,"audioPlay":false,"sceneViewState":{"showFog":false,"showMaterialUpdate":false,"showSkybox":true,"showFlares":false,"showImageEffects":false,"showParticleSystems":false},"in2DMode":false,"pivot":{"x":59.84039306640625,"y":3.02520751953125,"z":43.39033508300781},"rotation":{"x":0.049906883388757709,"y":0.5052794814109802,"z":-0.029287833720445634,"w":0.8610205054283142},"size":247.55564880371095,"orthographic":false}