{"cameraMode":{"drawMode":0,"name":"Shaded","section":"Shading Mode"},"sceneLighting":true,"audioPlay":false,"sceneViewState":{"showFog":false,"showMaterialUpdate":false,"showSkybox":true,"showFlares":false,"showImageEffects":false,"showParticleSystems":false},"in2DMode":false,"pivot":{"x":37.875877380371097,"y":-73.50662231445313,"z":571.3757934570313},"rotation":{"x":0.19415506720542909,"y":-0.0705314427614212,"z":0.013926144689321518,"w":0.9783555865287781},"size":606.6048583984375,"orthographic":false}