{"cameraMode":{"drawMode":0,"name":"Shaded","section":"Shading Mode"},"sceneLighting":true,"audioPlay":false,"sceneViewState":{"showFog":false,"showMaterialUpdate":false,"showSkybox":true,"showFlares":false,"showImageEffects":false,"showParticleSystems":false},"in2DMode":false,"pivot":{"x":12.09029769897461,"y":28.734739303588868,"z":157.23316955566407},"rotation":{"x":0.30312681198120119,"y":-0.5036756992340088,"z":0.1944301426410675,"w":0.7852603793144226},"size":76.11824798583985,"orthographic":false}