{"cameraMode":{"drawMode":0,"name":"Shaded","section":"Shading Mode"},"sceneLighting":true,"audioPlay":false,"sceneViewState":{"showFog":false,"showMaterialUpdate":false,"showSkybox":true,"showFlares":false,"showImageEffects":false,"showParticleSystems":false},"in2DMode":false,"pivot":{"x":-6.508759498596191,"y":22.11104965209961,"z":145.3200225830078},"rotation":{"x":0.07593201845884323,"y":0.3530662953853607,"z":-0.028827711939811708,"w":0.9320946335792542},"size":21.158817291259767,"orthographic":false}