{"cameraMode":{"drawMode":0,"name":"Shaded","section":"Shading Mode"},"sceneLighting":false,"audioPlay":false,"sceneViewState":{"showFog":false,"showMaterialUpdate":false,"showSkybox":true,"showFlares":false,"showImageEffects":true,"showParticleSystems":false},"in2DMode":false,"pivot":{"x":-9.379903793334961,"y":-19.3781681060791,"z":-116.7129135131836},"rotation":{"x":-0.05252350866794586,"y":0.09929396957159043,"z":-0.005248557310551405,"w":-0.9936573505401611},"size":0.7404738664627075,"orthographic":false}