{"cameraMode":{"drawMode":0,"name":"Shaded","section":"Shading Mode"},"sceneLighting":false,"audioPlay":false,"sceneViewState":{"showFog":true,"showMaterialUpdate":false,"showSkybox":false,"showFlares":true,"showImageEffects":true,"showParticleSystems":true},"in2DMode":false,"pivot":{"x":-0.16205406188964845,"y":0.19627124071121217,"z":0.04843592643737793},"rotation":{"x":0.05697263404726982,"y":0.9004806876182556,"z":-0.4128669500350952,"w":0.12424535304307938},"size":1.8046703338623047,"orthographic":false}