{"cameraMode":{"drawMode":0,"name":"Shaded","section":"Shading Mode"},"sceneLighting":false,"audioPlay":false,"sceneViewState":{"showFog":false,"showMaterialUpdate":false,"showSkybox":true,"showFlares":false,"showImageEffects":true,"showParticleSystems":false},"in2DMode":false,"pivot":{"x":-188.013916015625,"y":-331.4904479980469,"z":254.592529296875},"rotation":{"x":0.39771032333374026,"y":-0.2770858705043793,"z":0.12737056612968446,"w":0.8653576970100403},"size":440.0274353027344,"orthographic":false}