{"cameraMode":{"drawMode":0,"name":"Shaded","section":"Shading Mode"},"sceneLighting":true,"audioPlay":false,"sceneViewState":{"showFog":true,"showMaterialUpdate":false,"showSkybox":true,"showFlares":true,"showImageEffects":true,"showParticleSystems":true},"in2DMode":false,"pivot":{"x":7.274169921875,"y":30.6748046875,"z":-70.81393432617188},"rotation":{"x":0.17973561584949494,"y":-0.20461465418338777,"z":0.03824883699417114,"w":0.9614447355270386},"size":253.28030395507813,"orthographic":false}