{"cameraMode":{"drawMode":0,"name":"Shaded","section":"Shading Mode"},"sceneLighting":true,"audioPlay":false,"sceneViewState":{"showFog":true,"showMaterialUpdate":false,"showSkybox":true,"showFlares":true,"showImageEffects":true,"showParticleSystems":true},"in2DMode":false,"pivot":{"x":381.0869140625,"y":-71.57719421386719,"z":410.15362548828127},"rotation":{"x":0.19666340947151185,"y":0.021497569978237153,"z":-0.004315982572734356,"w":0.9802331328392029},"size":8.440366744995118,"orthographic":false}