{"cameraMode":{"drawMode":0,"name":"Shaded","section":"Shading Mode"},"sceneLighting":true,"audioPlay":false,"sceneViewState":{"showFog":true,"showMaterialUpdate":false,"showSkybox":true,"showFlares":true,"showImageEffects":true,"showParticleSystems":true},"in2DMode":false,"pivot":{"x":-410.3065490722656,"y":67.33183288574219,"z":175.93870544433595},"rotation":{"x":0.05697263404726982,"y":0.9004806876182556,"z":-0.4128669500350952,"w":0.12424535304307938},"size":33.49348831176758,"orthographic":false}