{"cameraMode":{"drawMode":0,"name":"Shaded","section":"Shading Mode"},"sceneLighting":true,"audioPlay":false,"sceneViewState":{"showFog":true,"showMaterialUpdate":false,"showSkybox":true,"showFlares":true,"showImageEffects":true,"showParticleSystems":true},"in2DMode":false,"pivot":{"x":-180.60507202148438,"y":77.49650573730469,"z":230.93557739257813},"rotation":{"x":-0.13903367519378663,"y":0.8528586030006409,"z":-0.28831562399864199,"w":-0.41263002157211306},"size":5.7324419021606449,"orthographic":false}