{"cameraMode":{"drawMode":0,"name":"Shaded","section":"Shading Mode"},"sceneLighting":true,"audioPlay":false,"sceneViewState":{"showFog":true,"showMaterialUpdate":false,"showSkybox":true,"showFlares":true,"showImageEffects":true,"showParticleSystems":true},"in2DMode":false,"pivot":{"x":346.48028564453127,"y":-57.67190933227539,"z":413.2505798339844},"rotation":{"x":-0.09861893206834793,"y":0.42831313610076907,"z":-0.04708508774638176,"w":-0.8970047235488892},"size":36.63661193847656,"orthographic":false}