{"cameraMode":{"drawMode":0,"name":"Shaded","section":"Shading Mode"},"sceneLighting":true,"audioPlay":false,"sceneViewState":{"showFog":true,"showMaterialUpdate":true,"showSkybox":true,"showFlares":true,"showImageEffects":true,"showParticleSystems":true},"in2DMode":false,"pivot":{"x":-200.57603454589845,"y":74.25843048095703,"z":230.47171020507813},"rotation":{"x":-0.07099677622318268,"y":0.739848256111145,"z":-0.07911472767591477,"w":-0.6643341779708862},"size":17.238632202148439,"orthographic":false}