{"cameraMode":{"drawMode":0,"name":"Shaded","section":"Shading Mode"},"sceneLighting":true,"audioPlay":false,"sceneViewState":{"showFog":false,"showMaterialUpdate":false,"showSkybox":true,"showFlares":false,"showImageEffects":false,"showParticleSystems":true},"in2DMode":false,"pivot":{"x":7.0502471923828129,"y":18.632545471191408,"z":-62.31495666503906},"rotation":{"x":0.10893990099430084,"y":-0.3565662205219269,"z":0.041940607130527499,"w":0.9269565939903259},"size":88.94648742675781,"orthographic":false}