{"cameraMode":{"drawMode":0,"name":"Shaded","section":"Shading Mode"},"sceneLighting":false,"audioPlay":false,"sceneViewState":{"showFog":true,"showMaterialUpdate":false,"showSkybox":false,"showFlares":true,"showImageEffects":true,"showParticleSystems":true},"in2DMode":false,"pivot":{"x":0.9689167737960815,"y":-0.7688050270080566,"z":0.048543184995651248},"rotation":{"x":-0.39839231967926028,"y":0.41969844698905947,"z":-0.21221676468849183,"w":-0.7874957323074341},"size":0.8259711861610413,"orthographic":false}