{"cameraMode":{"drawMode":0,"name":"Shaded","section":"Shading Mode"},"sceneLighting":true,"audioPlay":false,"sceneViewState":{"showFog":true,"showMaterialUpdate":false,"showSkybox":true,"showFlares":true,"showImageEffects":true,"showParticleSystems":true},"in2DMode":false,"pivot":{"x":10.188580513000489,"y":25.831098556518556,"z":169.68450927734376},"rotation":{"x":-0.05427137017250061,"y":0.41443684697151186,"z":0.02476751059293747,"w":0.9081374406814575},"size":5.925264835357666,"orthographic":false}