{"cameraMode":{"drawMode":0,"name":"Shaded","section":"Shading Mode"},"sceneLighting":false,"audioPlay":false,"sceneViewState":{"showFog":true,"showMaterialUpdate":false,"showSkybox":false,"showFlares":true,"showImageEffects":true,"showParticleSystems":true},"in2DMode":false,"pivot":{"x":-0.005874991416931152,"y":0.0051555335521698,"z":0.03558497130870819},"rotation":{"x":-0.31492072343826296,"y":0.0717095360159874,"z":-0.023775292560458185,"w":-0.946132242679596},"size":0.23210881650447846,"orthographic":false}