{"cameraMode":{"drawMode":0,"name":"Shaded","section":"Shading Mode"},"sceneLighting":true,"audioPlay":false,"sceneViewState":{"showFog":false,"showMaterialUpdate":false,"showSkybox":true,"showFlares":false,"showImageEffects":false,"showParticleSystems":true},"in2DMode":false,"pivot":{"x":-658.5291137695313,"y":357.8826904296875,"z":-466.52294921875},"rotation":{"x":-0.04950571432709694,"y":-0.7969416975975037,"z":-0.06587923318147659,"w":0.5984213352203369},"size":865.9852294921875,"orthographic":false}