{"cameraMode":{"drawMode":0,"name":"Shaded","section":"Shading Mode"},"sceneLighting":true,"audioPlay":false,"sceneViewState":{"showFog":true,"showMaterialUpdate":false,"showSkybox":true,"showFlares":true,"showImageEffects":true,"showParticleSystems":true},"in2DMode":false,"pivot":{"x":-8.366924285888672,"y":18.39350128173828,"z":172.2669219970703},"rotation":{"x":-0.39219892024993899,"y":-0.09497317671775818,"z":0.040756791830062869,"w":-0.9140775799751282},"size":8.529221534729004,"orthographic":false}