{"cameraMode":{"drawMode":0,"name":"Shaded","section":"Shading Mode"},"sceneLighting":true,"audioPlay":false,"sceneViewState":{"showFog":true,"showMaterialUpdate":false,"showSkybox":true,"showFlares":true,"showImageEffects":true,"showParticleSystems":true},"in2DMode":false,"pivot":{"x":-427.68548583984377,"y":73.17861938476563,"z":215.50485229492188},"rotation":{"x":0.03765414282679558,"y":-0.7733967304229736,"z":0.047069426625967029,"w":0.631127655506134},"size":160.56985473632813,"orthographic":false}