{"cameraMode":{"drawMode":0,"name":"Shaded","section":"Shading Mode"},"sceneLighting":true,"audioPlay":false,"sceneViewState":{"showFog":true,"showMaterialUpdate":true,"showSkybox":true,"showFlares":true,"showImageEffects":true,"showParticleSystems":true},"in2DMode":false,"pivot":{"x":-174.63720703125,"y":70.3018569946289,"z":215.0048065185547},"rotation":{"x":-0.05917680636048317,"y":0.9407595992088318,"z":-0.23172472417354585,"w":-0.2403925061225891},"size":15.09414291381836,"orthographic":false}