{"cameraMode":{"drawMode":0,"name":"Shaded","section":"Shading Mode"},"sceneLighting":false,"audioPlay":false,"sceneViewState":{"showFog":true,"showMaterialUpdate":false,"showSkybox":false,"showFlares":true,"showImageEffects":true,"showParticleSystems":true},"in2DMode":false,"pivot":{"x":1.009971261024475,"y":0.03355616331100464,"z":0.039311960339546207},"rotation":{"x":-0.39839231967926028,"y":0.41969844698905947,"z":-0.21221676468849183,"w":-0.7874957323074341},"size":0.7319058775901794,"orthographic":false}