{"cameraMode":{"drawMode":0,"name":"Shaded","section":"Shading Mode"},"sceneLighting":false,"audioPlay":false,"sceneViewState":{"showFog":true,"showMaterialUpdate":false,"showSkybox":false,"showFlares":true,"showImageEffects":true,"showParticleSystems":true},"in2DMode":false,"pivot":{"x":1.022321343421936,"y":-0.4069788157939911,"z":-0.03857432305812836},"rotation":{"x":-0.39839231967926028,"y":0.41969844698905947,"z":-0.21221676468849183,"w":-0.7874957323074341},"size":0.7909289002418518,"orthographic":false}