{"cameraMode":{"drawMode":0,"name":"Shaded","section":"Shading Mode"},"sceneLighting":true,"audioPlay":false,"sceneViewState":{"showFog":true,"showMaterialUpdate":false,"showSkybox":true,"showFlares":true,"showImageEffects":true,"showParticleSystems":true},"in2DMode":false,"pivot":{"x":-79.08429718017578,"y":-6.8859405517578129,"z":-49.47235870361328},"rotation":{"x":-0.29471102356910708,"y":0.3388178050518036,"z":-0.11268159002065659,"w":-0.8863774538040161},"size":56.869598388671878,"orthographic":false}