{"cameraMode":{"drawMode":0,"name":"Shaded","section":"Shading Mode"},"sceneLighting":true,"audioPlay":false,"sceneViewState":{"showFog":true,"showMaterialUpdate":false,"showSkybox":true,"showFlares":true,"showImageEffects":true,"showParticleSystems":true},"in2DMode":false,"pivot":{"x":-360.6021423339844,"y":74.54389190673828,"z":166.5805206298828},"rotation":{"x":0.04626060649752617,"y":0.9394086599349976,"z":-0.30922624468803408,"w":0.140536829829216},"size":23.10275650024414,"orthographic":false}